{"cameraMode":{"drawMode":0,"name":"Shaded","section":"Shading Mode"},"sceneLighting":true,"audioPlay":false,"sceneViewState":{"m_AlwaysRefresh":false,"showFog":true,"showSkybox":true,"showFlares":true,"showImageEffects":true,"showParticleSystems":true,"showVisualEffectGraphs":true,"m_FxEnabled":true},"in2DMode":false,"pivot":{"x":121.18336486816406,"y":219.85885620117188,"z":-82.43630981445313},"rotation":{"x":-0.3257550895214081,"y":-0.003687575226649642,"z":0.0012695778859779239,"w":-0.945451557636261},"size":63.571163177490237,"orthographic":false}